{
  "robot_params": {
    "R": 0.088,
    "l": 0.0447,
    "mw": 0.322,
    "mp": 2.751,
    "M": 8.4,
    "IM": 0.112177,
    "g": 9.81
  },
  "Q": [
    100.0,
    1.0,
    500.0,
    100.0,
    5000.0,
    1.0
  ],
  "R": [
    250.0,
    100.0
  ],
  "L0_range": {
    "min": 0.1,
    "max": 0.4,
    "n_points": 30
  },
  "poly_coeffs": [
    [
      [
        1834.601300622932,
        -1309.2928307422937,
        250.94578064151145,
        31.07391506367666
      ],
      [
        355.7846061956721,
        -280.2448449534676,
        77.82976701594828,
        0.6167543130658577
      ],
      [
        -242.28217330518652,
        205.0224613676888,
        -55.4350387542185,
        3.338567039043903
      ],
      [
        -346.5712382571544,
        294.0782553740076,
        -80.75604421968904,
        4.70147703588081
      ],
      [
        925.3916797235212,
        -982.2356544064756,
        357.6875662012939,
        -48.49677310903934
      ],
      [
        171.23440686966097,
        -181.80344943310237,
        66.36521514923362,
        -8.900624521156045
      ]
    ],
    [
      [
        -10236.315294248157,
        9047.099269194321,
        -2600.3311120122353,
        250.86441258661412
      ],
      [
        -1202.3242456787677,
        1075.455304908516,
        -311.57058699035554,
        31.130547453537865
      ],
      [
        280.7720663083256,
        -259.465841756804,
        78.93659706808268,
        -7.823950657330923
      ],
      [
        404.71033921956797,
        -374.2051848785826,
        113.72564574710661,
        -11.338081980019071
      ],
      [
        5861.95693877403,
        -5061.047902966393,
        1410.4365046051175,
        -115.8719223037711
      ],
      [
        1064.8401861280688,
        -919.0925958368994,
        256.0552325175401,
        -21.326364489722764
      ]
    ]
  ]
}