{
  "robot_params": {
    "R": 0.088,
    "l": 0.05,
    "mw": 0.322,
    "mp": 3.0,
    "M": 8.4,
    "IM": 0.0473,
    "g": 9.81
  },
  "leg_params": {
    "l1": 0.15,
    "l2": 0.15,
    "l3": 0.15,
    "l4": 0.15,
    "l5": 0.04
  },
  "Q": [
    50.0,
    1.0,
    500.0,
    100.0,
    7000.0,
    1.0
  ],
  "R": [
    100.0,
    1.0
  ],
  "L0_range": {
    "min": 0.08,
    "max": 0.28,
    "n_points": 30
  },
  "L0_values": [
    0.08,
    0.08689655172413793,
    0.09379310344827586,
    0.1006896551724138,
    0.10758620689655173,
    0.11448275862068966,
    0.1213793103448276,
    0.12827586206896552,
    0.13517241379310346,
    0.14206896551724138,
    0.14896551724137932,
    0.15586206896551724,
    0.1627586206896552,
    0.16965517241379313,
    0.17655172413793105,
    0.18344827586206897,
    0.1903448275862069,
    0.19724137931034486,
    0.20413793103448277,
    0.2110344827586207,
    0.21793103448275863,
    0.22482758620689658,
    0.23172413793103452,
    0.2386206896551724,
    0.24551724137931036,
    0.2524137931034483,
    0.25931034482758625,
    0.26620689655172414,
    0.2731034482758621,
    0.28
  ],
  "K_table": [
    [
      [
        63.0856768895197,
        7.393812378972483,
        0.21857096514306518,
        -0.0029571392773555245,
        -41.79949895502569,
        -5.26623986879408
      ],
      [
        723.656595274663,
        83.39082900648049,
        -22.25359910935028,
        -26.538184945975587,
        -387.83337248244226,
        -55.428964920505635
      ]
    ],
    [
      [
        83.12498569921725,
        10.06096104706473,
        -1.2731455738300093,
        -1.7916187639376902,
        -47.475123895426506,
        -6.048209537208221
      ],
      [
        456.90660420783183,
        54.62609928373221,
        -18.38232941671001,
        -22.026741398383216,
        -171.21372203696467,
        -28.775167666937673
      ]
    ],
    [
      [
        83.261691761405,
        10.423269146290345,
        -1.986968983594287,
        -2.6619773493819427,
        -41.50577729660166,
        -5.346231222264448
      ],
      [
        220.43982659491212,
        27.310425537464262,
        -10.256482136788055,
        -12.38888164800672,
        -21.098640914387683,
        -9.935509712510441
      ]
    ],
    [
      [
        76.74915651901249,
        9.927022972899877,
        -2.2049319127144016,
        -2.942356071946853,
        -33.73114928392661,
        -4.3877624816190846
      ],
      [
        80.52063860235769,
        10.371278710594956,
        -3.718538157335075,
        -4.587703700225229,
        52.84710653763362,
        -0.5292133390672519
      ]
    ],
    [
      [
        69.94671000090113,
        9.331970460796995,
        -2.2350985278332467,
        -2.9976348558406456,
        -27.335162533348697,
        -3.5858753878016145
      ],
      [
        4.650331417893161,
        0.7440754983791159,
        0.6583745801084134,
        0.6639863102535376,
        86.0638933383575,
        3.7441027610327953
      ]
    ],
    [
      [
        64.314251894753,
        8.835180299440559,
        -2.208241770120435,
        -2.983625459730206,
        -22.515089295748922,
        -2.9743108988842364
      ],
      [
        -36.8652054259569,
        -4.817013700869175,
        3.5166501775407615,
        4.114842847903979,
        100.54689062452732,
        5.6258723639862
      ]
    ],
    [
      [
        59.88878366540818,
        8.457343032723772,
        -2.1695975302196633,
        -2.954555009075683,
        -18.90405730339007,
        -2.5113270058905517
      ],
      [
        -60.22124233529174,
        -8.160845069647054,
        5.411529884093326,
        6.419271664091648,
        106.48125211892136,
        6.403295371150291
      ]
    ],
    [
      [
        56.43296739860521,
        8.17967534988495,
        -2.133488917327875,
        -2.9277602296588925,
        -16.154846675536977,
        -2.155316136477118
      ],
      [
        -73.64669331641578,
        -10.253852647869742,
        6.69496108753636,
        7.993739261461635,
        108.43284672067188,
        6.659940114165985
      ]
    ],
    [
      [
        53.71261218343801,
        7.979719939499546,
        -2.103671603940107,
        -2.9078976334446343,
        -14.017240393276316,
        -1.875790593985098
      ],
      [
        -81.40619893634198,
        -11.608959549646434,
        7.580011759771633,
        9.091022895902935,
        108.50498764524428,
        6.667537587577623
      ]
    ],
    [
      [
        51.545284888259374,
        7.8389457562223335,
        -2.0803916946611727,
        -2.895377706248736,
        -12.320439559574625,
        -1.6517470550129574
      ],
      [
        -85.80335067380531,
        -12.509525081887986,
        8.197380049674404,
        9.866508187785044,
        107.70277665853725,
        6.557390385685307
      ]
    ],
    [
      [
        49.79690866425168,
        7.743335021092868,
        -2.0628382803993484,
        -2.8893105097607816,
        -10.948035696264402,
        -1.4687787651782902
      ],
      [
        -88.13807747201443,
        -13.119111225365554,
        8.629589960779585,
        10.418503523233976,
        106.52145526894614,
        6.394986048582194
      ]
    ],
    [
      [
        48.37002460931196,
        7.682516905624131,
        -2.049993906176669,
        -2.8885345912132454,
        -9.819490760192533,
        -1.3168674306944883
      ],
      [
        -89.17410832397786,
        -13.536118514969145,
        8.93042543577265,
        10.811210553421034,
        105.20955368316395,
        6.2136529026362295
      ]
    ],
    [
      [
        47.19339849244762,
        7.64882011262733,
        -2.040914688444399,
        -2.8919603526083155,
        -8.87795581995008,
        -1.1889101451536934
      ],
      [
        -89.37632435881093,
        -13.821988206468436,
        9.136012447936142,
        11.087845685819168,
        103.89188364604335,
        6.0304217134428395
      ]
    ],
    [
      [
        46.21435053976148,
        7.636522933140261,
        -2.0348052282261104,
        -2.8986651506443613,
        -8.082458423476973,
        -1.0797667516835987
      ],
      [
        -89.03645245315928,
        -14.016364951455488,
        9.271287306456617,
        11.278309052318912,
        102.62948157005962,
        5.853822659218043
      ]
    ],
    [
      [
        45.39338129643797,
        7.641308423246945,
        -2.0310215836914383,
        -2.9079004083895668,
        -7.402872449147751,
        -0.9856430066152235
      ],
      [
        -88.34235813828982,
        -14.145577983677446,
        9.353883292924818,
        11.40379786675512,
        101.44991207086217,
        5.687863090459533
      ]
    ],
    [
      [
        44.70045294523467,
        7.659878762365918,
        -2.0290517594017006,
        -2.919070577756798,
        -6.816632018247398,
        -0.9036858948332457
      ],
      [
        -87.41767755681039,
        -14.227562022648181,
        9.396536370671887,
        11.479664924651365,
        100.36305963573527,
        5.534121174699744
      ]
    ],
    [
      [
        44.1124087049178,
        7.689683365614792,
        -2.0284918674168613,
        -2.9317061234074795,
        -6.306545011475911,
        -0.8317134381067655
      ],
      [
        -86.34524813536238,
        -14.274809006258055,
        9.408617028095545,
        11.517240579046813,
        99.36955549239973,
        5.392875697279075
      ]
    ],
    [
      [
        43.61116505528802,
        7.728726152588743,
        -2.029024190923725,
        -2.945438270562348,
        -5.859309924069104,
        -0.7680308837519843
      ],
      [
        -85.18137712623837,
        -14.296192534336317,
        9.397131650837519,
        11.52502496027779,
        98.46535001560915,
        5.263727071076353
      ]
    ],
    [
      [
