{
  "robot_params": {
    "R": 0.088,
    "l": 0.03,
    "mw": 0.322,
    "mp": 2.751,
    "M": 8.4,
    "IM": 0.112177,
    "g": 9.81
  },
  "leg_params": {
    "l1": 0.21,
    "l2": 0.24,
    "l3": 0.24,
    "l4": 0.21,
    "l5": 0.0
  },
  "Q": [
    50.0,
    1.0,
    500.0,
    100.0,
    7000.0,
    1.0
  ],
  "R": [
    100.0,
    1.0
  ],
  "L0_range": {
    "min": 0.1,
    "max": 0.4,
    "n_points": 30
  },
  "L0_values": [
    0.1,
    0.11034482758620691,
    0.1206896551724138,
    0.1310344827586207,
    0.1413793103448276,
    0.1517241379310345,
    0.1620689655172414,
    0.1724137931034483,
    0.1827586206896552,
    0.1931034482758621,
    0.20344827586206898,
    0.2137931034482759,
    0.2241379310344828,
    0.23448275862068968,
    0.24482758620689657,
    0.2551724137931035,
    0.2655172413793104,
    0.27586206896551724,
    0.28620689655172415,
    0.29655172413793107,
    0.306896551724138,
    0.3172413793103449,
    0.32758620689655177,
    0.33793103448275863,
    0.34827586206896555,
    0.35862068965517246,
    0.3689655172413794,
    0.3793103448275863,
    0.3896551724137931,
    0.4
  ],
  "K_table": [
    [
      [
        18.66057608619928,
        2.600844659564221,
        1.6427930442903522,
        1.6627345418693233,
        -10.49030632291503,
        -1.7291489267675137
      ],
      [
        488.6530683659865,
        63.86993513171261,
        -15.169808876944602,
        -18.182943657579937,
        -185.00554176108514,
        -39.400456603339755
      ]
    ],
    [
      [
        33.015496499364765,
        4.67028670600723,
        0.7949541054249997,
        0.6398876307147375,
        -15.538026239777123,
        -2.610496806481617
      ],
      [
        487.8695540769286,
        66.43025464007593,
        -20.899875526592005,
        -25.148630879915174,
        -141.26708512932018,
        -33.15506898327439
      ]
    ],
    [
      [
        44.612967965989554,
        6.493471377529354,
        -0.1340249395845297,
        -0.4898335706868961,
        -17.885679431981046,
        -3.0636297612587153
      ],
      [
        428.06293241810585,
        60.51346904057966,
        -22.32047785235121,
        -26.97932521035271,
        -83.94231369648622,
        -24.192412554529586
      ]
    ],
    [
      [
        51.39244633012412,
        7.71879803810979,
        -0.88944564217438,
        -1.418808333726641,
        -17.79119535836635,
        -3.1030333226598215
      ],
      [
        344.6066225286389,
        50.43364728579691,
        -20.515570792983052,
        -24.91544230923027,
        -32.02404822994994,
        -15.72922939419764
      ]
    ],
    [
      [
        54.24933969442371,
        8.406724290262483,
        -1.406145196262854,
        -2.0646448040854866,
        -16.40056664969058,
        -2.908066688602221
      ],
      [
        265.8241933482668,
        40.180699198403424,
        -17.38607398759589,
        -21.218451856046894,
        6.644775744326671,
        -9.252721428694205
      ]
    ],
    [
      [
        54.80666366152578,
        8.753361590550357,
        -1.731368094419063,
        -2.481146239817834,
        -14.609427699502504,
        -2.6293803380632776
      ],
      [
        202.07045835982498,
        31.484317409213432,
        -14.150493000691686,
        -17.357681017070448,
        32.95609241329088,
        -4.75347880026149
      ]
    ],
    [
      [
        54.2503518840476,
        8.917640230425395,
        -1.9298208658194076,
        -2.7446907612719094,
        -12.857538573473853,
        -2.3452940571473047
      ],
      [
        153.49526887488406,
        24.61168216439233,
        -11.29509373954103,
        -13.92937465145369,
        50.30244178440168,
        -1.7354290389904254
      ]
    ],
    [
      [
        53.24303011867066,
        8.994787818456642,
        -2.0502390979465583,
        -2.9133943225951824,
        -11.30179579880274,
        -2.0863850732494997
      ],
      [
        117.13071607461491,
        19.301336910216605,
        -8.924794906553595,
        -11.069503397914849,
        61.711652323765485,
        0.2798317308785708
      ]
    ],
    [
      [
        52.11262876924353,
        9.035404869839942,
        -2.123634765090804,
        -3.0244743001659966,
        -9.971623880496598,
        -1.8605989133464536
      ],
      [
        89.86042015656436,
        15.201735298292913,
        -7.001252634247213,
        -8.738542808999002,
        69.29645745686693,
        1.637733600647508
      ]
    ],
    [
      [
        51.008966575432595,
        9.064841493272823,
        -2.168660616470091,
        -3.1004345527698303,
        -8.849376275390352,
        -1.6669126192200923
      ],
      [
        69.2038250583644,
        12.009520372866872,
        -5.448955226241235,
        -6.849747704665508,
        74.41804255416108,
        2.5658457565857287
      ]
    ],
    [
      [
        49.99384433950142,
        9.095223991545168,
        -2.196393714015629,
        -3.154707391319639,
        -7.904511012633734,
        -1.5014094805632048
      ],
      [
        53.350126063773345,
        9.493008051601048,
        -4.19350274850617,
        -5.316067153935297,
        77.93428193561259,
        3.210077870735764
      ]
    ],
    [
      [
        49.08725009334983,
        9.131962806881898,
        -2.213449671042911,
        -3.195358198899544,
        -7.106418747182944,
        -1.3596992884911874
      ],
      [
        41.01372530874494,
        7.482461106468373,
        -3.172389537137684,
        -4.063749882841819,
        80.3869160874152,
        3.663913057787935
      ]
    ],
    [
      [
        48.29007423816831,
        9.17711453697316,
        -2.2238319155667727,
        -3.2272970521087605,
        -6.428472122170994,
        -1.2377738956515534
      ],
      [
        31.285581920351234,
        5.854871920792678,
        -2.336056748303991,
        -3.0340124380027134,
        82.12229240368397,
        3.987886933141495
      ]
    ],
    [
      [
        47.59508066688283,
        9.231095138725204,
        -2.2300011112868554,
        -3.2535630014783403,
        -5.848735467692884,
        -1.1322356489120884
      ],
      [
        23.51869668334265,
        4.520863292515712,
        -1.6460572177436876,
        -2.18107454948437,
        83.36552159420877,
        4.22180680027007
      ]
    ],
    [
      [
        46.99213131923544,
        9.293550585836352,
        -2.2334932900921527,
        -3.2760690815145455,
        -5.349535793398522,
        -1.0402922563866652
      ],
      [
        17.247354797444437,
        3.4149186008182784,
        -1.0727405613964338,
        -1.46951951114522,
        84.26553370754819,
        4.392295797504987
      ]
    ],
    [
      [
        46.470612304107924,
        9.363798237441749,
        -2.235280992154255,
        -3.296039057017618,
        -4.916743398154348,
        -0.9596770222772056
      ],
      [
        12.131882039338729,
        2.4884537328274368,
        -0.5932019970094097,
        -0.8719135906162206,
        84.92260466787194,
        4.517463433022152
      ]
    ],
    [
      [
        46.02049923280599,
        9.441048355901664,
        -2.235987550250617,
        -3.3142674372780547,
        -4.539066234679977,
        -0.8885557559546007
      ],
      [
        7.921119444009857,
        1.7049856827048517,
        -0.1896510263755169,
        -0.36689609120255534,
        85.4053903196318,
        4.609829417871172
      ]
    ],
    [
      [
        45.6327650614681,
        9.524512344869166,
        -2.2360164294464577,
        -3.331276955865618,
        -4.207449704721532,
        -0.8254418986114028
      ],
      [
        4.426838510089721,
        1.0367691776985462,
        0.15183123652386696,
        0.06228353322610563,
        85.76163686802676,
        4.6781813486673505
      ]
    ],
    [
      [
