{
  "robot_params": {
    "R": 0.088,
    "l": -0.05,
    "mw": 0.322,
    "mp": 3.0,
    "M": 8.4,
    "IM": 0.0473,
    "g": 9.81
  },
  "leg_params": {
    "l1": 0.15,
    "l2": 0.24,
    "l3": 0.24,
    "l4": 0.15,
    "l5": 0.1
  },
  "Q": [
    50.0,
    1.0,
    100.0,
    100.0,
    2000.0,
    10.0
  ],
  "R": [
    20.0,
    1.0
  ],
  "L0_range": {
    "min": 0.12,
    "max": 0.36,
    "n_points": 30
  },
  "L0_values": [
    0.12,
    0.12827586206896552,
    0.13655172413793104,
    0.14482758620689656,
    0.15310344827586206,
    0.16137931034482758,
    0.1696551724137931,
    0.17793103448275863,
    0.18620689655172412,
    0.19448275862068964,
    0.20275862068965517,
    0.2110344827586207,
    0.2193103448275862,
    0.22758620689655173,
    0.23586206896551726,
    0.24413793103448275,
    0.25241379310344825,
    0.2606896551724138,
    0.2689655172413793,
    0.2772413793103448,
    0.28551724137931034,
    0.29379310344827586,
    0.3020689655172414,
    0.3103448275862069,
    0.31862068965517243,
    0.3268965517241379,
    0.3351724137931035,
    0.34344827586206894,
    0.3517241379310345,
    0.36
  ],
  "K_table": [
    [
      [
        -11.794385958352727,
        -1.592443374896592,
        1.7998304122086664,
        2.45931954213978,
        1.7986106399474246,
        0.741012575733348
      ],
      [
        195.44275569476326,
        30.05009079315484,
        5.933987676577817,
        9.336959864840765,
        28.77070977895287,
        -4.782902104862803
      ]
    ],
    [
      [
        -8.445780416663661,
        -1.092175773663498,
        2.019749417678326,
        2.7965050511199028,
        1.5217153384819406,
        0.561389363045507
      ],
      [
        222.9179704151537,
        35.0848963247844,
        4.2909492884160345,
        6.808365594397481,
        28.98368426024341,
        -5.291375753375242
      ]
    ],
    [
      [
        -3.6745323285466807,
        -0.33774829623385494,
        2.172132795712845,
        3.030185049069701,
        1.245483276565161,
        0.35076756886865
      ],
      [
        248.37011393892362,
        39.96172343258731,
        2.374190884443133,
        3.8411791511617532,
        29.365267832927707,
        -5.657288695375391
      ]
    ],
    [
      [
        2.3938801254154893,
        0.663369143531912,
        2.235190371650952,
        3.1255464379687106,
        0.982865992958137,
        0.11925617092940169
      ],
      [
        269.66803249460423,
        44.30207322791195,
        0.2801429092037029,
        0.5836478577495139,
        29.93261456051945,
        -5.831345828329403
      ]
    ],
    [
      [
        9.42884818477931,
        1.8668878516240803,
        2.1972544809699985,
        3.0633778263521694,
        0.7479447881668562,
        -0.11851433653770987
      ],
      [
        284.98353428231513,
        47.75236419583646,
        -1.8551158770127634,
        -2.7525041578788407,
        30.67421293401082,
        -5.785558648726677
      ]
    ],
    [
      [
        16.949394596446297,
        3.198014171638534,
        2.060564968253905,
        2.8461828589506784,
        0.552477127712663,
        -0.3463359700235817
      ],
      [
        293.2530082326444,
        50.06945342016906,
        -3.883483002678898,
        -5.9348701864186335,
        31.550427704645447,
        -5.522055466442629
      ]
    ],
    [
      [
        24.432610168994696,
        4.568363226614468,
        1.8406397587512342,
        2.4974135912188764,
        0.4030849984548831,
        -0.5500687718940487
      ],
      [
        294.4105253541422,
        51.17428846452674,
        -5.678107569435915,
        -8.762588609769132,
        32.50322381386223,
        -5.072350933540998
      ]
    ],
    [
      [
        31.427719566994654,
        5.895961873031453,
        1.5615350137423452,
        2.0542036262598606,
        0.30029581456619564,
        -0.7203818462996704
      ],
      [
        289.2917456399428,
        51.150358635854154,
        -7.157664983577535,
        -11.105008007612412,
        33.470812757378624,
        -4.487462406167385
      ]
    ],
    [
      [
        37.62878413590828,
        7.11980175262645,
        1.2494946431131466,
        1.5574616084804849,
        0.23954903363548008,
        -0.853608944476722
      ],
      [
        279.29429738237246,
        50.19541118670356,
        -8.293085236306487,
        -12.913069689523795,
        34.40064011213483,
        -3.8241718373293727
      ]
    ],
    [
      [
        42.889655894370236,
        8.204948169422474,
        0.9277371161609074,
        1.0436438083441721,
        0.21329324569149766,
        -0.9508792607513809
      ],
      [
        265.9814307154112,
        48.55604709924448,
        -9.09868544713797,
        -14.206101950262902,
        35.25637028650567,
        -3.133473246506613
      ]
    ],
    [
      [
        47.19579377587899,
        9.139706014601947,
        0.6137311799457162,
        0.5403781754757927,
        0.21309943481148141,
        -1.016398980274033
      ],
      [
        250.78039562778773,
        46.47282138153119,
        -9.615959690808355,
        -15.046779776571189,
        36.01859432867863,
        -2.4543156372770403
      ]
    ],
    [
      [
        50.6188746822186,
        9.928911245825617,
        0.3187684239502615,
        0.06569067415523243,
        0.23114695311041555,
        -1.05574331264407
      ],
      [
        234.8276363563347,
        44.14805865015316,
        -9.897865115158737,
        -15.51655871093594,
        36.68160321647348,
        -1.812371480400844
      ]
    ],
    [
      [
        53.27420487812217,
        10.58690804603361,
        0.04890660524855086,
        -0.37059077559432235,
        0.2609646902721014,
        -1.0746138575040367
      ],
      [
        218.9359316867021,
        41.73475068509489,
        -9.997607857847019,
        -15.69797847017093,
        37.24888446588562,
        -1.2218844687100434
      ]
    ],
    [
      [
        55.28983669314129,
        11.13205755646166,
        -0.19361061051060038,
        -0.7646527211950238,
        0.2976097010141913,
        -1.0781346404787744
      ],
      [
        203.6320968216199,
        39.33895948833544,
        -9.962444410383556,
        -15.664762453519911,
        37.72905321060021,
        -0.6886530829404335
      ]
    ],
    [
      [
        56.78811849530131,
        11.583186926937916,
        -0.40900657685762243,
        -1.1166013169591291,
        0.3375296295423716,
        -1.070565351625473
      ],
      [
        189.22124936792056,
        37.02834487059176,
        -9.83129047489577,
        -15.477892896851873,
        38.13287945596662,
        -0.21292775051669147
      ]
    ],
    [
      [
        57.87678253216677,
        11.957657191158159,
        -0.5989209464703608,
        -1.4288167039529815,
        0.3782997438583411,
        -1.055270176672196
      ],
      [
        175.85133250961186,
        34.84197174621399,
        -9.634618518529471,
        -15.185311383176282,
        38.47141944704929,
        0.2082958326856262
      ]
    ],
    [
      [
        58.64610181247155,
        12.270534478211934,
        -0.7656827176360856,
        -1.7048074287994852,
        0.41834616264918467,
        -1.034813033143513
      ],
      [
        163.5664936544805,
        32.7990104507778,
        -9.395456323047274,
        -14.823387294115692,
        38.75499706630344,
        0.5796696729964514
      ]
    ],
    [
      [
        59.169360835980655,
        12.534412814001804,
        -0.9118507323273066,
        -1.9484815347746072,
        0.45670588332765033,
        -1.0110975182318895
      ],
      [
        152.34679258366637,
        30.90554388199702,
        -9.13074831758839,
        -14.418990045801287,
        38.99274799157896,
        0.9064637701400129
      ]
    ],
    [
      [
