{
  "robot_params": {
    "R": 0.088,
    "l": 0.03,
    "mw": 0.322,
    "mp": 2.751,
    "M": 8.4,
    "IM": 0.112177,
    "g": 9.81
  },
  "leg_params": {
    "l1": 0.21,
    "l2": 0.24,
    "l3": 0.24,
    "l4": 0.21,
    "l5": 0.0
  },
  "Q": [
    50.0,
    1.0,
    800.0,
    100.0,
    7000.0,
    1.0
  ],
  "R": [
    20.0,
    1.0
  ],
  "L0_range": {
    "min": 0.1,
    "max": 0.4,
    "n_points": 30
  },
  "L0_values": [
    0.1,
    0.11034482758620691,
    0.1206896551724138,
    0.1310344827586207,
    0.1413793103448276,
    0.1517241379310345,
    0.1620689655172414,
    0.1724137931034483,
    0.1827586206896552,
    0.1931034482758621,
    0.20344827586206898,
    0.2137931034482759,
    0.2241379310344828,
    0.23448275862068968,
    0.24482758620689657,
    0.2551724137931035,
    0.2655172413793104,
    0.27586206896551724,
    0.28620689655172415,
    0.29655172413793107,
    0.306896551724138,
    0.3172413793103449,
    0.32758620689655177,
    0.33793103448275863,
    0.34827586206896555,
    0.35862068965517246,
    0.3689655172413794,
    0.3793103448275863,
    0.3896551724137931,
    0.4
  ],
  "K_table": [
    [
      [
        56.35493142633797,
        7.545480203690572,
        2.1898983512611134,
        0.9152743067870143,
        -32.09042201092432,
        -5.170595226458529
      ],
      [
        378.33130870313346,
        49.043909052151456,
        -26.534635935375988,
        -21.5242885606832,
        -124.04604338880749,
        -29.366074396846344
      ]
    ],
    [
      [
        75.30440060072216,
        10.38839435726721,
        -1.1975206267585847,
        -1.8562337050559146,
        -35.974059234058835,
        -5.924866266833383
      ],
      [
        290.8094671039079,
        39.15182000563797,
        -27.77262837704952,
        -22.671176944279956,
        -49.61501006761346,
        -17.76130823545356
      ]
    ],
    [
      [
        80.75349519209121,
        11.51837218349123,
        -3.4227476606654563,
        -3.7134336401187866,
        -32.98986590042194,
        -5.5297302751563215
      ],
      [
        208.01322529604954,
        29.00991013877726,
        -23.78436396097452,
        -19.571466216813782,
        3.347321393557322,
        -9.234699749158516
      ]
    ],
    [
      [
        80.07871580953815,
        11.802695702780657,
        -4.6685320013705045,
        -4.787754063421198,
        -28.382429063419604,
        -4.826271509712649
      ],
      [
        148.9421221424454,
        21.472114592957276,
        -19.081304437684025,
        -15.843853359693247,
        34.964733294677195,
        -4.032441057381633
      ]
    ],
    [
      [
        77.5034806789853,
        11.785474637503448,
        -5.349805033147719,
        -5.406456994701224,
        -24.115866457238553,
        -4.1490073480803975
      ],
      [
        109.4572429448689,
        16.283964896588564,
        -15.086143382129123,
        -12.65212020419637,
        53.32452785104466,
        -0.9585014421741409
      ]
    ],
    [
      [
        74.65559781069672,
        11.692356721654885,
        -5.731341900942697,
        -5.780859187411343,
        -20.599245395663253,
        -3.5773837595941718
      ],
      [
        82.93491374242316,
        12.714592178048957,
        -11.959699005000067,
        -10.141198601013045,
        64.24046941327515,
        0.8965262291450531
      ]
    ],
    [
      [
        72.05824363938812,
        11.604088971747862,
        -5.952760599648816,
        -6.023194606864345,
        -17.784790716910635,
        -3.1113132846112594
      ],
      [
        64.6559083098651,
        10.202881387902023,
        -9.55472788020892,
        -8.201619111043335,
        70.97703490958106,
        2.056394232617955
      ]
    ],
    [
      [
        69.83614513451911,
        11.545702728054659,
        -6.08586547679142,
        -6.191550663394788,
        -15.535425339317952,
        -2.732734240101232
      ],
      [
        51.67825930387381,
        8.38612200677239,
        -7.697066192258684,
        -6.698087361339398,
        75.29535385016273,
        2.8086052785357274
      ]
    ],
    [
      [
        67.98158918597952,
        11.521969344090682,
        -6.168416444784903,
        -6.316675184679556,
        -13.72248783050423,
        -2.423033595465514
      ],
      [
        42.20087601499623,
        7.036792651301896,
        -6.246020434957833,
        -5.519968286951594,
        78.1614292730915,
        3.313068534409448
      ]
    ],
    [
      [
        66.44897625675554,
        11.530742017049825,
        -6.22098409808698,
        -6.415443898686835,
        -12.244275600782505,
        -2.1669445830024894
      ],
      [
        35.10353645457994,
        6.010680028883977,
        -5.097758039243646,
        -4.585079487610593,
        80.12293914129505,
        3.661540921982177
      ]
    ],
    [
      [
        65.18731594505032,
        11.567913245751958,
        -6.255196035917066,
        -6.497480744064482,
        -11.024258445649613,
        -1.9527273593356167
      ],
      [
        29.671015341325454,
        5.214228983773248,
        -4.177373701825714,
        -3.8338679136000557,
        81.50185679786327,
        3.9085499037354605
      ]
    ],
    [
      [
        64.15050749534915,
        11.629211554475718,
        -6.277856274015118,
        -6.568478600047694,
        -10.005507519981817,
        -1.7715139213193773
      ],
      [
        25.433561741596087,
        4.585120428976125,
        -3.4308034126402647,
        -3.223197970856676,
        82.49418097239193,
        4.087618064165576
      ]
    ],
    [
      [
        63.29974602617869,
        11.710797387798323,
        -6.29307232152456,
        -6.631920635460492,
        -9.145548097927323,
        -1.6166071684414705
      ],
      [
        22.074096384519926,
        4.080743354017307,
        -2.818654842655726,
        -2.721544698623931,
        83.22310179700604,
        4.2200089247351595
      ]
    ],
    [
      [
        62.60326656794321,
        11.80940521167886,
        -6.303393227695083,
        -6.690004886427184,
        -8.412404609899713,
        -1.4829134411284646
      ],
      [
        19.37310274051867,
        3.6712403421676814,
        -2.3118556053462833,
        -2.3055784003793836,
        83.76831063791727,
        4.319595741606592
      ]
    ],
    [
      [
        62.03532498887742,
        11.922321601457265,
        -6.310439729612575,
        -6.744158306207469,
        -7.781732065028087,
        -1.3665191868717317
      ],
      [
        17.175066220370923,
        3.3352160872717382,
        -1.8886525298375187,
        -1.9577983798413923,
        84.1827064577972,
        4.395661424484449
      ]
    ],
    [
      [
        61.57508949017222,
        12.047312330216245,
        -6.31526445460226,
        -6.795331907381044,
        -7.2347720629175685,
        -1.264383725441605
      ],
      [
        15.367498494997662,
        3.0570241222957844,
        -1.5325460411868916,
        -1.6648983512021127,
        84.50222278336292,
        4.45455910285971
      ]
    ],
    [
      [
        61.205658924754005,
        12.182541603028639,
        -6.318563874589843,
        -6.844175283467449,
        -6.7568985840177636,
        -1.174117710105206
      ],
      [
        13.867494646052986,
        2.8250098543778157,
        -1.230857934488414,
        -1.4166298846690681,
        84.75177837662854,
        4.500725468955767
      ]
    ],
    [
      [
        60.91325582972368,
        12.326498648748705,
        -6.320806338212005,
        -6.891142609596833,
        -6.336577355380744,
        -1.0938229068254735
      ],
      [
        12.612912601661085,
        2.6303467244527674,
        -0.9737272188357318,
        -1.2050036457120494,
        84.94897748104782,
        4.5373155163855445
      ]
    ],
    [
      [
