{
  "robot_params": {
    "R": 0.088,
    "l": 0.03,
    "mw": 0.644,
    "mp": 1.8,
    "M": 8.4,
    "IM": 0.24903234982,
    "g": 9.81
  },
  "Q": [
    100.0,
    1.0,
    500.0,
    100.0,
    5000.0,
    1.0
  ],
  "R": [
    220.0,
    70.0
  ],
  "L0_range": {
    "min": 0.1,
    "max": 0.4,
    "n_points": 30
  },
  "poly_coeffs": [
    [
      [
        -815.3340574119969,
        472.200040500794,
        -24.83096877141394
      ],
      [
        -131.79929061362557,
        89.64339191757708,
        -5.7994014759547365
      ],
      [
        61.68084120399775,
        -38.47471428086522,
        4.34393065978492
      ],
      [
        86.40368047797352,
        -54.978183246904194,
        5.973610207672893
      ],
      [
        105.42964335064636,
        -32.22465840934584,
        -5.897196555182686
      ],
      [
        31.5734796302962,
        -10.129890057253023,
        -1.490968885716077
      ]
    ],
    [
      [
        858.1508344465059,
        -638.2577019139286,
        129.95316434332557
      ],
      [
        78.21048591251792,
        -65.25278786776326,
        16.230953700562022
      ],
      [
        6.806353745926912,
        3.8408144812613703,
        -2.7428400338713983
      ],
      [
        10.679365763198556,
        4.608563458809356,
        -3.83073728987115
      ],
      [
        -681.6528103518667,
        436.2274015254937,
        -58.090893022573376
      ],
      [
        -185.10471502596877,
        118.88215238993318,
        -16.567836754752232
      ]
    ]
  ]
}