{
  "robot_params": {
    "R": 0.088,
    "l": 0.03,
    "mw": 0.644,
    "mp": 1.8,
    "M": 8.4,
    "IM": 0.24903234982,
    "g": 9.81
  },
  "Q": [
    100.0,
    1.0,
    500.0,
    100.0,
    5000.0,
    1.0
  ],
  "R": [
    220.0,
    70.0
  ],
  "L0_range": {
    "min": 0.1,
    "max": 0.4,
    "n_points": 30
  },
  "L0_values": [
    0.1,
    0.11034482758620691,
    0.1206896551724138,
    0.1310344827586207,
    0.1413793103448276,
    0.1517241379310345,
    0.1620689655172414,
    0.1724137931034483,
    0.1827586206896552,
    0.1931034482758621,
    0.20344827586206898,
    0.2137931034482759,
    0.2241379310344828,
    0.23448275862068968,
    0.24482758620689657,
    0.2551724137931035,
    0.2655172413793104,
    0.27586206896551724,
    0.28620689655172415,
    0.29655172413793107,
    0.306896551724138,
    0.3172413793103449,
    0.32758620689655177,
    0.33793103448275863,
    0.34827586206896555,
    0.35862068965517246,
    0.3689655172413794,
    0.3793103448275863,
    0.3896551724137931,
    0.4
  ],
  "K_table": [
    [
      [
        4.080601201554082,
        0.662445559407359,
        1.4001459960422187,
        1.7240848782605829,
        -2.948260712846298,
        -0.7711830141413671
      ],
      [
        61.983996736404684,
        8.160249240880947,
        -0.9907433122134481,
        -1.4539207700926522,
        -22.507361569282253,
        -6.77172282984956
      ]
    ],
    [
      [
        10.667369476431114,
        1.5957944867311336,
        1.1605844384241701,
        1.3853472849720192,
        -5.791428832665325,
        -1.5544771651957343
      ],
      [
        67.82884349618487,
        9.314253210343061,
        -1.7057450298638848,
        -2.4473041742362174,
        -20.967004923634953,
        -6.408538600409921
      ]
    ],
    [
      [
        17.78940186180858,
        2.67457169598251,
        0.8158269819216668,
        0.8989666231994913,
        -8.172860080711507,
        -2.2189517929089386
      ],
      [
        69.70849515812124,
        9.951305734354447,
        -2.2474550490494334,
        -3.2049914667001342,
        -17.946039814963736,
        -5.626025763300061
      ]
    ],
    [
      [
        24.383986944868653,
        3.74615582661278,
        0.426525838687807,
        0.3484548501337507,
        -9.808396526891913,
        -2.6825494286288256
      ],
      [
        67.89524145805314,
        10.048248822006453,
        -2.5634147314117905,
        -3.651870395825682,
        -14.060345970075366,
        -4.590059118557107
      ]
    ],
    [
      [
        29.77453018202791,
        4.69569944385394,
        0.05068246415724014,
        -0.1855313972357916,
        -10.672533269180299,
        -2.934381237792118
      ],
      [
        63.537313427989595,
        9.725725528770006,
        -2.6711016542715376,
        -3.809956770505004,
        -10.001586206896196,
        -3.4918123581078846
      ]
    ],
    [
      [
        33.78323844004341,
        5.474911615526684,
        -0.27666530735901873,
        -0.6537302955332237,
        -10.917575017551934,
        -3.013865316645394
      ],
      [
        57.935365837151515,
        9.154054057449388,
        -2.6272212036268505,
        -3.7565456426456647,
        -6.2582107856238,
        -2.469208820673542
      ]
    ],
    [
      [
        36.56202170434345,
        6.087097603396498,
        -0.5440069547069788,
        -1.0394704109262674,
        -10.746504910888543,
        -2.9758747175531703
      ],
      [
        52.07179028651407,
        8.478168249933239,
        -2.492538623603098,
        -3.575444622068625,
        -3.0555350980872062,
        -1.5881940056115034
      ]
    ],
    [
      [
        38.38450330262892,
        6.559962505092962,
        -0.754384681005027,
        -1.346431874162853,
        -10.333992776781066,
        -2.868473469489732
      ],
      [
        46.5165764594176,
        7.7926676085299045,
        -2.3139293286960894,
        -3.331739902193679,
        -0.43110264582893415,
        -0.8622526927954611
      ]
    ],
    [
      [
        39.51942259775776,
        6.926239839566074,
        -0.9168359774696813,
        -1.5868082138598323,
        -9.803092840776548,
        -2.7259619806536195
      ],
      [
        41.525292535156545,
        7.148207608648441,
        -2.121558032243315,
        -3.067565067340531,
        1.6717037540883326,
        -0.27791876317462305
      ]
    ],
    [
      [
        40.18281867221854,
        7.214742966799227,
        -1.0413705622028084,
        -1.7742953537375594,
        -9.230785232716949,
        -2.5700684358714576
      ],
      [
        37.16600436718189,
        6.566405289528099,
        -1.9325054702468256,
        -2.8069452080148336,
        3.3406654400823927,
        0.18769671561259432
      ]
    ],
    [
      [
        40.532619493447555,
        7.447915129431151,
        -1.1368255270533063,
        -1.9210626333629228,
        -8.661231810099041,
        -2.4134451623124695
      ],
      [
        33.412820087443556,
        6.0525262651728395,
        -1.755310711720129,
        -2.5620178632750608,
        4.663260612239794,
        0.5579706838454507
      ]
    ],
    [
      [
        40.67869051351441,
        7.642221934063565,
        -1.2102894151302495,
        -2.036912436857705,
        -8.117683619985163,
        -2.2628975865908565
      ],
      [
        30.201190233914353,
        5.603739525690171,
        -1.5934862810721542,
        -2.3378872305521443,
        5.714708475686746,
        0.8532552422175986
      ]
    ],
    [
      [
        40.6954590718053,
        7.809386330104677,
        -1.267192600294847,
        -2.1293786686166523,
        -7.6109213520408145,
        -2.1217054642688735
      ],
      [
        27.456511810792232,
        5.213809924556909,
        -1.4478014910745458,
        -2.135794383458543,
        6.55551225311436,
        1.0900523580178312
      ]
    ],
    [
      [
        40.63262076333394,
        7.9576376690342885,
        -1.311605446285437,
        -2.2041243991112727,
        -7.144640111838203,
        -1.9911193010374966
      ],
      [
        25.107273376331833,
        4.8755334855712755,
        -1.3176388716304763,
        -1.9550094533469315,
        7.232792278711637,
        1.2812895346898798
      ]
    ],
    [
      [
        40.52307589546631,
        8.092722175639125,
        -1.3465523259349952,
        -2.2653685188042285,
        -6.718697170477605,
        -1.8712715034737255
      ],
      [
        23.09014020831494,
        4.581895047667268,
        -1.2017564726736178,
        -1.7939002944920033,
        7.782707125243037,
        1.436933154448933
      ]
    ],
    [
      [
        40.38846584020284,
        8.218650242896969,
        -1.374277397124767,
        -2.316249624485732,
        -6.33100423950355,
        -1.7617125193933587
      ],
      [
        21.351165471046382,
        4.326550956281848,
        -1.0986976697622222,
        -1.6505104402010797,
        8.232861372292271,
        1.5646214158166545
      ]
    ],
    [
      [
        40.2429240941721,
        8.338226402052868,
        -1.3964507905276824,
        -2.3591096035887,
        -5.978601164306144,
        -1.6617185388107543
      ],
      [
        19.84530800719842,
        4.103974837277639,
        -1.0070007924317017,
        -1.5228572206904938,
        8.604338043922105,
        1.6702075399057446
      ]
    ],
    [
      [
        40.09558425092884,
        8.453417871191132,
        -1.4143221912963106,
        -2.395705542541135,
        -5.6582485326317435,
        -1.5704638095067076
      ],
      [
        18.535327643235334,
        3.9094461488101664,
        -0.9252984277066079,
        -1.4090749369375621,
        8.913298505447731,
        1.7581916394802852
      ]
    ],
    [
      [
        39.95224901628181,
        8.565608848459496,
