{
  "robot_params": {
    "R": 0.088,
    "l": 0.03,
    "mw": 0.322,
    "mp": 2.751,
    "M": 8.4,
    "IM": 0.112177,
    "g": 9.81
  },
  "leg_params": {
    "l1": 0.21,
    "l2": 0.24,
    "l3": 0.24,
    "l4": 0.21,
    "l5": 0.0
  },
  "Q": [
    50.0,
    1.0,
    800.0,
    100.0,
    7000.0,
    1.0
  ],
  "R": [
    20.0,
    1.0
  ],
  "L0_range": {
    "min": 0.1,
    "max": 0.4,
    "n_points": 30
  },
  "L0_values": [
    0.1,
    0.11034482758620691,
    0.1206896551724138,
    0.1310344827586207,
    0.1413793103448276,
    0.1517241379310345,
    0.1620689655172414,
    0.1724137931034483,
    0.1827586206896552,
    0.1931034482758621,
    0.20344827586206898,
    0.2137931034482759,
    0.2241379310344828,
    0.23448275862068968,
    0.24482758620689657,
    0.2551724137931035,
    0.2655172413793104,
    0.27586206896551724,
    0.28620689655172415,
    0.29655172413793107,
    0.306896551724138,
    0.3172413793103449,
    0.32758620689655177,
    0.33793103448275863,
    0.34827586206896555,
    0.35862068965517246,
    0.3689655172413794,
    0.3793103448275863,
    0.3896551724137931,
    0.4
  ],
  "K_table": [
    [
      [
        -8.10288249000979,
        -0.5673733718838346,
        -2.7557445197209023,
        -2.435306989256765,
        18.93914773888414,
        1.7305195246534362
      ],
      [
        28.76503823898799,
        3.148480609283549,
        25.45815081345074,
        20.288964513337223,
        31.536488586959557,
        -0.5470576773622503
      ]
    ],
    [
      [
        -8.919654884423101,
        -0.6574356591454757,
        -3.030693558207432,
        -2.664460947876827,
        18.514597681699847,
        1.7066004340554013
      ],
      [
        29.756441901315792,
        3.335390718803925,
        24.82534855998663,
        19.809596679098508,
        35.63804261218797,
        -0.24492891716642037
      ]
    ],
    [
      [
        -9.727072020077015,
        -0.7521513509485536,
        -3.2933188062113525,
        -2.886045137452568,
        18.059013699031436,
        1.6811765427730974
      ],
      [
        30.54173188282839,
        3.50656838880993,
        24.14707072945324,
        19.305316163131707,
        39.541173850955076,
        0.048714335497593714
      ]
    ],
    [
      [
        -10.519549408050494,
        -0.8506029518798575,
        -3.540109326441428,
        -3.0970345713755765,
        17.58140303433912,
        1.6542636650814293
      ],
      [
        31.14292319655299,
        3.66190855418176,
        23.438270395590443,
        18.78343802804949,
        43.203450147490564,
        0.32995327979499073
      ]
    ],
    [
      [
        -11.292966116168474,
        -0.9519921180040818,
        -3.769300866692993,
        -3.2957878989776326,
        17.0902267305747,
        1.6260640575563183
      ],
      [
        31.582673635719324,
        3.8018415188671577,
        22.712274644492776,
        18.25141225473855,
        46.60426132832952,
        0.596345067755072
      ]
    ],
    [
      [
        -12.044519593161688,
        -1.0556458906846289,
        -3.980346735047156,
        -3.4816354640649507,
        16.592921000947552,
        1.5968690279879914
      ],
      [
        31.88301573499449,
        3.927155632875498,
        21.980373003568587,
        17.716051575064363,
        49.73847154084805,
        0.8465800507417754
      ]
    ],
    [
      [
        -12.772510045875325,
        -1.1610106876587885,
        -4.173510095868673,
        -3.6545634376311953,
        16.09570502626552,
        1.566996158055645
      ],
      [
        32.06452971572548,
        4.038853182717084,
        21.251735684260026,
        17.1831734367873,
        52.6113582855399,
        1.0801837998475632
      ]
    ],
    [
      [
        -13.476112067386083,
        -1.2676399046138185,
        -4.3495622589721386,
        -3.814979648128382,
        15.603572879806428,
        1.536751968250003
      ],
      [
        32.14588414296167,
        4.138041656882653,
        20.533537520519932,
        16.657497677923363,
        55.234779109238445,
        1.2972720741567536
      ]
    ],
    [
      [
        -14.155164172032821,
        -1.3751790421886683,
        -4.509567301720777,
        -3.9635453764557718,
        15.120389515598852,
        1.506412047321351
      ],
      [
        32.14364905560047,
        4.225856599365917,
        19.83118894632735,
        16.142688899858523,
        57.62438841416392,
        1.4983582305256051
      ]
    ],
    [
      [
        -14.809989376647403,
        -1.483350717943806,
        -4.654733433526629,
        -4.10105810313633,
        14.649035435855183,
        1.4762124627395803
      ],
      [
        32.072292953647626,
        4.303410034995048,
        19.148606561736052,
        15.641470720114597,
        59.79769152294625,
        1.6842073984472872
      ]
    ],
    [
      [
        -15.441249802572575,
        -1.5919408263033221,
        -4.786313934043315,
        -4.228372225612154,
        14.191565280267065,
        1.446348016948904
      ],
      [
        31.944292751826143,
        4.371758291580735,
        18.48848231996536,
        15.155767204563768,
        61.77273410341178,
        1.8557295780063354
      ]
    ],
    [
      [
        -16.049833055431076,
        -1.7007864049218473,
        -4.905543757145832,
        -4.346347257569411,
        13.749360568989378,
        1.416974349113462
      ],
      [
        31.77030506827701,
        4.431883830884105,
        17.852529482813065,
        14.686846006445062,
        63.56725610711956,
        2.0139036011752136
      ]
    ],
    [
      [
        -16.636765932720305,
        -1.8097653489091823,
        -5.013601111034035,
        -4.455815433600214,
        13.323266762096308,
        1.3882119513584759
      ],
      [
        31.559363826395636,
        4.484686782495002,
        17.241695913940827,
        14.23545009626744,
        65.19817518828502,
        2.159724701646253
      ]
    ],
    [
      [
        -17.20315047414688,
        -1.918787889333713,
        -5.111586099150404,
        -4.557562712546743,
        12.913710899559355,
        1.3601509160140521
      ],
      [
        31.319081914492266,
        4.5309829279203475,
        16.656342666365653,
        13.801912465144694,
        66.68129761669864,
        2.2941696423327333
      ]
    ],
    [
      [
        -17.750117666576283,
        -2.027789646843567,
        -5.200510722364626,
        -4.652318828331635,
        12.520799556373476,
        1.3328557285742568
      ],
      [
        31.055843768771613,
        4.571505775239011,
        16.09638979806808,
        13.386252461454607,
        68.03118213021412,
        2.418174596851116
      ]
    ],
    [
      [
        -18.278794757906635,
        -2.1367260352962263,
        -5.281296228656102,
        -4.740753301290977,
        12.144398631623117,
        1.306369740104644
      ],
      [
        30.77498191337603,
        4.606911066991851,
        15.561433189254439,
        12.988254670821108,
        69.261103577016,
        2.532622100326424
      ]
    ],
    [
      [
        -18.790282860985027,
        -2.245567792020549,
        -5.354775037063511,
        -4.82347525805428,
        11.784197255182276,
        1.2807191493911132
      ],
      [
        30.480934465566197,
        4.637782590421192,
        15.050836722549317,
        12.607532282702264,
        70.38307924028328,
        2.6383343141189526
      ]
    ],
    [
      [
        -19.285642213296246,
        -2.3542974313631295,
        -5.421695353866601,
        -4.901035583768424,
        11.43975828139852,
        1.255916441111008
      ],
      [
        30.177383048157576,
        4.664638540717272,
        14.563804097731124,
        12.243577226286705,
        71.40793242682645,
        2.7360705845160447
      ]
    ],
    [
      [
