{
  "robot_params": {
    "R": 0.088,
    "l": 0.0447,
    "mw": 0.322,
    "mp": 2.751,
    "M": 8.4,
    "IM": 0.112177,
    "g": 9.81
  },
  "Q": [
    100.0,
    1.0,
    500.0,
    100.0,
    5000.0,
    1.0
  ],
  "R": [
    220.0,
    70.0
  ],
  "L0_range": {
    "min": 0.1,
    "max": 0.4,
    "n_points": 30
  },
  "poly_coeffs": [
    [
      [
        2166.4411904750896,
        -1589.6032816178151,
        326.97271538721213,
        24.953538496897693
      ],
      [
        398.5558721752733,
        -316.3861331324298,
        87.78824188560492,
        -0.19209339171055487
      ],
      [
        -273.5990719080935,
        231.73311557184064,
        -62.72571554574929,
        3.878007349973926
      ],
      [
        -382.12295260100484,
        324.59572062956147,
        -89.2210547818726,
        5.351293539651819
      ],
      [
        811.8854503068818,
        -892.2614839748029,
        336.03772287180226,
        -47.02016320592005
      ],
      [
        147.0502603748502,
        -162.1479265335276,
        61.42517760447373,
        -8.529468441551158
      ]
    ],
    [
      [
        -11353.284188942502,
        10062.186099010782,
        -2903.170006391143,
        279.99282568311094
      ],
      [
        -1328.269482942646,
        1192.6539311602585,
        -347.9017064093886,
        34.761898289211445
      ],
      [
        327.28194617769924,
        -304.7944530845016,
        93.66505522969356,
        -9.375710934512467
      ],
      [
        456.5140270864664,
        -425.660468882857,
        130.81938937016903,
        -13.18671462734663
      ],
      [
        6667.438911571741,
        -5760.004531447365,
        1605.8726418143035,
        -132.09922761768348
      ],
      [
        1199.9447655581043,
        -1036.4360180343679,
        288.89156878204716,
        -24.16757876210921
      ]
    ]
  ]
}