{
  "robot_params": {
    "R": 0.088,
    "l": 0.0447,
    "mw": 0.322,
    "mp": 2.751,
    "M": 8.4,
    "IM": 0.112177,
    "g": 9.81
  },
  "Q": [
    100.0,
    1.0,
    500.0,
    100.0,
    5000.0,
    1.0
  ],
  "R": [
    250.0,
    100.0
  ],
  "L0_range": {
    "min": 0.1,
    "max": 0.4,
    "n_points": 30
  },
  "L0_values": [
    0.1,
    0.11034482758620691,
    0.1206896551724138,
    0.1310344827586207,
    0.1413793103448276,
    0.1517241379310345,
    0.1620689655172414,
    0.1724137931034483,
    0.1827586206896552,
    0.1931034482758621,
    0.20344827586206898,
    0.2137931034482759,
    0.2241379310344828,
    0.23448275862068968,
    0.24482758620689657,
    0.2551724137931035,
    0.2655172413793104,
    0.27586206896551724,
    0.28620689655172415,
    0.29655172413793107,
    0.306896551724138,
    0.3172413793103449,
    0.32758620689655177,
    0.33793103448275863,
    0.34827586206896555,
    0.35862068965517246,
    0.3689655172413794,
    0.3793103448275863,
    0.3896551724137931,
    0.4
  ],
  "K_table": [
    [
      [
        37.681455257430436,
        4.972513672111439,
        -0.0060233368284493514,
        -0.2217256301006458,
        -19.521900624554146,
        -3.5288934117913824
      ],
      [
        79.2692025315288,
        10.304010433541977,
        -2.2360476959440923,
        -3.294078243230799,
        -26.73009151470557,
        -5.148293936005964
      ]
    ],
    [
      [
        46.24410896088001,
        6.354017714912161,
        -0.597007434153676,
        -1.0796041697038752,
        -20.6728186004838,
        -3.7304756135407686
      ],
      [
        62.973822697141784,
        8.581020541679198,
        -2.027055822840261,
        -2.989353591005484,
        -14.86834672488008,
        -2.9927911174158046
      ]
    ],
    [
      [
        49.11739133498872,
        7.021821496679927,
        -0.9587706541624148,
        -1.6096351805646902,
        -19.34169106914547,
        -3.480778650609036
      ],
      [
        48.35105686981364,
        6.8892668223307565,
        -1.643744834753022,
        -2.43758517411711,
        -6.295007914028215,
        -1.4353498911419567
      ]
    ],
    [
      [
        49.232379432755785,
        7.306993816422183,
        -1.160966265291605,
        -1.9116029001868586,
        -17.312951172904445,
        -3.104685983698408
      ],
      [
        37.43371055414277,
        5.565989103534755,
        -1.276868562987312,
        -1.9106486292460787,
        -0.7399045758816096,
        -0.42690291597646235
      ]
    ],
    [
      [
        48.28637312683492,
        7.42255547303365,
        -1.272149246775663,
        -2.083465909713839,
        -15.322567026945924,
        -2.7361437876046986
      ],
      [
        29.6794584736913,
        4.597375972325902,
        -0.9767756829653469,
        -1.480012980117102,
        2.7962529431145025,
        0.2144229325681039
      ]
    ],
    [
      [
        47.03692306739267,
        7.47184908532817,
        -1.3339327812483275,
        -2.184631425074707,
        -13.583445264201115,
        -2.413852876053123
      ],
      [
        24.180902608045127,
        3.896234353762506,
        -0.7426697366827879,
        -1.1442768949397444,
        5.085984005979141,
        0.6292197917290683
      ]
    ],
    [
      [
        45.786728476995656,
        7.500560958150641,
        -1.3688318400648924,
        -2.24722421837744,
        -12.119173701925831,
        -2.142048227203403
      ],
      [
        20.223249915950174,
        3.3847565324449205,
        -0.5619150149694362,
        -0.8852384434058286,
        6.611057826117558,
        0.9051462893465057
      ]
    ],
    [
      [
        44.644188432427235,
        7.527953404192296,
        -1.3888133288779185,
        -2.2883131174564464,
        -10.897601930826061,
        -1.9148240013147464
      ],
      [
        17.31900229887649,
        3.0067891059194585,
        -0.42189316635400403,
        -0.6847784616479539,
        7.657937310763382,
        1.0943072767958482
      ]
    ],
    [
      [
        43.638454627046066,
        7.561605633508476,
        -1.4003299646435656,
        -2.3171009557716697,
        -9.876559860224248,
        -1.724457598988218
      ],
      [
        15.146517265510077,
        2.723918984618913,
        -0.31255395583866735,
        -0.5284767320305435,
        8.397537444193848,
        1.2277765316650464
      ]
    ],
    [
      [
        42.76773308366135,
        7.603987988506867,
        -1.4069464176115227,
        -2.338672908752032,
        -9.01765159073704,
        -1.5639201570688468
      ],
      [
        13.493020824006157,
        2.5100364030359756,
        -0.22639444541845194,
        -0.40556880184005856,
        8.933998706655728,
        1.324476814080735
      ]
    ],
    [
      [
        42.01930934397756,
        7.655378354390954,
        -1.4106827438811962,
        -2.3559129320841,
        -8.289296761195576,
        -1.4274292139735485
      ],
      [
        12.215542509042963,
        2.347202169209238,
        -0.1579097535907964,
        -0.3081547019995603,
        9.332477476516198,
        1.3962389861558644
      ]
    ],
    [
      [
        41.37774283291532,
        7.715165011673947,
        -1.4127107321729861,
        -2.3704966153156626,
        -7.666436428670792,
        -1.31039421430496
      ],
      [
        11.216074273388147,
        2.222878351186227,
        -0.10305808074017113,
        -0.23043122870817734,
        9.634861501657307,
        1.4506624926995892
      ]
    ],
    [
      [
        40.82808538880251,
        7.782430032296079,
        -1.4137237326918792,
        -2.383418227086153,
        -7.1294083795455485,
        -1.2092109587438233
      ],
      [
        10.42601582318894,
        2.128134287296152,
        -0.05884742188380948,
        -0.16809959829576512,
        9.868787403057057,
        1.4927563696217334
      ]
    ],
    [
      [
        40.3570016279245,
        7.856206615205591,
        -1.414138501480964,
        -2.3952782242782265,
        -6.6627908008133465,
        -1.121050443092465
      ],
      [
        9.796372736399388,
        2.0564873748816654,
        -0.023037937927784045,
        -0.11793910136012427,
        10.0529332823012,
        1.5259021542742297
      ]
    ],
    [
      [
        39.95301700305773,
        7.935586790005384,
        -1.414208355748449,
        -2.406444352683723,
        -6.254430743907271,
        -1.0436814645599102
      ],
      [
        9.29148609459739,
        2.003146506184623,
        0.006067647168626073,
        -0.07750691901904302,
        10.200203787905288,
        1.5524331843443293
      ]
    ],
    [
      [
        39.60642158352764,
        8.019760297644824,
        -1.4140882118055396,
        -2.4171441973760004,
        -5.894683076088774,
        -0.9753316480429741
      ],
      [
        8.884947008728355,
        1.9645107475888173,
        0.029771178627624222,
        -0.04492741469981714,
        10.319695360609543,
        1.5739919061950156
      ]
    ],
    [
      [
        39.309056919612544,
        8.108022320718625,
        -1.4138728187075829,
        -2.427519564594308,
        -5.575830565332429,
        -0.9145815272111418
      ],
      [
        8.556883124030664,
        1.9378314348436083,
        0.04908290232504812,
        -0.018743423464604614,
        10.417938151784165,
        1.5917555759620479
      ]
    ],
    [
      [
        39.05408174566711,
        8.199767814557958,
        -1.413619687629888,
        -2.4376590816835324,
        -5.291646216930074,
        -0.8602845850984209
      ],
      [
        8.292121967337037,
        1.9209804185531447,
        0.06479542322916078,
        0.0021896937869668974,
        10.499698617305846,
        1.6065820472455898
      ]
    ],
    [
      [
        38.83575424659346,
        8.29448080181355,
