{
  "robot_params": {
    "R": 0.088,
    "l": 0.03,
    "mw": 0.322,
    "mp": 2.751,
    "M": 8.4,
    "IM": 0.112177,
    "g": 9.81
  },
  "leg_params": {
    "l1": 0.21,
    "l2": 0.24,
    "l3": 0.24,
    "l4": 0.21,
    "l5": 0.0
  },
  "Q": [
    50.0,
    1.0,
    700.0,
    100.0,
    7000.0,
    1.0
  ],
  "R": [
    12.0,
    1.0
  ],
  "L0_range": {
    "min": 0.1,
    "max": 0.4,
    "n_points": 30
  },
  "L0_values": [
    0.1,
    0.11034482758620691,
    0.1206896551724138,
    0.1310344827586207,
    0.1413793103448276,
    0.1517241379310345,
    0.1620689655172414,
    0.1724137931034483,
    0.1827586206896552,
    0.1931034482758621,
    0.20344827586206898,
    0.2137931034482759,
    0.2241379310344828,
    0.23448275862068968,
    0.24482758620689657,
    0.2551724137931035,
    0.2655172413793104,
    0.27586206896551724,
    0.28620689655172415,
    0.29655172413793107,
    0.306896551724138,
    0.3172413793103449,
    0.32758620689655177,
    0.33793103448275863,
    0.34827586206896555,
    0.35862068965517246,
    0.3689655172413794,
    0.3793103448275863,
    0.3896551724137931,
    0.4
  ],
  "K_table": [
    [
      [
        75.31282808568913,
        10.001174767199775,
        1.3554791533089094,
        0.028999468497014597,
        -43.199593370568664,
        -6.907140614903064
      ],
      [
        330.8363812168968,
        42.81692255946951,
        -26.03751361361472,
        -20.393197174600765,
        -97.67183856470085,
        -25.061650581888056
      ]
    ],
    [
      [
        91.04429311493612,
        12.49138324009662,
        -2.677792416988816,
        -3.1578785754872425,
        -43.90321139132917,
        -7.167653305318112
      ],
      [
        232.88979990792407,
        31.291399457746863,
        -24.77807767480001,
        -19.551133493662018,
        -22.583276877034994,
        -13.253690184317243
      ]
    ],
    [
      [
        92.07462090133623,
        13.072001027335816,
        -4.9459922602754105,
        -4.996853267104416,
        -38.08166558517712,
        -6.313381963113593
      ],
      [
        159.62675222711465,
        22.215707523612764,
        -20.160504129005744,
        -16.060641528087306,
        22.5897102508222,
        -5.9609968558536846
      ]
    ],
    [
      [
        88.62274473834277,
        13.003014313129924,
        -6.116189141991958,
        -5.988021349416073,
        -31.90895096079457,
        -5.351665767469276
      ],
      [
        113.03715986416546,
        16.26458283004346,
        -15.846348618935997,
        -12.763281340277906,
        47.272036934115434,
        -1.8992072611017996
      ]
    ],
    [
      [
        84.51105217678779,
        12.791667189981837,
        -6.733811004898545,
        -6.548547923249565,
        -26.812833377451874,
        -4.535649019003444
      ],
      [
        83.60470566780295,
        12.417797766750958,
        -12.484769609560374,
        -10.180035612749217,
        61.03400894936787,
        0.4016618313037714
      ]
    ],
    [
      [
        80.80909508093337,
        12.594930605443837,
        -7.0760100539321735,
        -6.892063651368698,
        -22.82512900751447,
        -3.8843272102343747
      ],
      [
        64.38028098842466,
        9.857982166661168,
        -9.957960664707988,
        -8.231192538379494,
        69.08919383780966,
        1.7670491890912594
      ]
    ],
    [
      [
        77.7196392817636,
        12.45216473618584,
        -7.275180631158034,
        -7.12124768475654,
        -19.717903986763233,
        -3.3681692358674167
      ],
      [
        51.31450530393641,
        8.091020863998132,
        -8.053630324788966,
        -6.758458480566185,
        74.04761137962693,
        2.617815796135323
      ]
    ],
    [
      [
        75.20353755241385,
        12.366635315012065,
        -7.396273541468814,
        -7.28678736896055,
        -17.270969672673154,
        -2.9553790027855364
      ],
      [
        42.101324503689014,
        6.828891557890276,
        -6.598609883705858,
        -5.630893548590505,
        77.24121461006457,
        3.171773310274981
      ]
    ],
    [
      [
        73.16883004426256,
        12.33169959299974,
        -7.47268646954612,
        -7.414931312887558,
        -15.315533012376278,
        -2.6206705858105592
      ],
      [
        35.394350781758064,
        5.900421484229589,
        -5.4687734579430245,
        -4.754026662130636,
        79.38034377609647,
        3.54647223156536
      ]
    ],
    [
      [
        71.5249351605061,
        12.339024391676237,
        -7.522444701458921,
        -7.519967838193374,
        -13.7291611847591,
        -2.3453210968915577
      ],
      [
        30.3782201426094,
        5.200400189188365,
        -4.577543944247499,
        -4.06168299048164,
        80.86217776317487,
        3.8083375167263203
      ]
    ],
    [
      [
        70.19571100483589,
        12.381003927526445,
        -7.555719271797315,
        -7.610045201399627,
        -12.42383339755576,
        -2.115674613255768
      ],
      [
        26.5403640378406,
        4.6618174969064405,
        -3.8643596403088223,
        -3.5074196947930565,
        81.91884069112311,
        3.996564763935028
      ]
    ],
    [
      [
        69.12032779920156,
        12.45130133589185,
        -7.578479788392345,
        -7.690009733278382,
        -11.335814278315548,
        -1.9217295693689977
      ],
      [
        23.547172519982773,
        4.240535773174874,
        -3.286294138272849,
        -3.0582257438642775,
        82.69147747817934,
        4.135198964775549
      ]
    ],
    [
      [
        68.25097146245665,
        12.544806862818243,
        -7.5943527097902415,
        -7.762854986233106,
        -10.418350196840077,
        -1.756077546663347
      ],
      [
        21.174617543572406,
        3.9065837709699665,
        -2.8124158710769134,
        -2.690254563133636,
        83.26896959560898,
        4.239506373201349
      ]
    ],
    [
      [
        67.55014202331279,
        12.657443909043437,
        -7.605608305468703,
        -7.830494407328411,
        -9.636633243106001,
        -1.6131548001301002
      ],
      [
        19.268017948226394,
        3.639048404218206,
        -2.4200552979820373,
        -2.3859883594581115,
        83.7090397427978,
        4.319477313868313
      ]
    ],
    [
      [
        66.98831013821717,
        12.785963142203638,
        -7.613705717690437,
        -7.894189884122949,
        -8.964359556862625,
        -1.488722952045756
      ],
      [
        17.717909431274535,
        3.422979698098593,
        -2.0923247675125674,
        -2.1323483358175364,
        84.05020921295427,
        4.381826316202822
      ]
    ],
    [
      [
        66.5420629603979,
        12.927765090796576,
        -7.619604688295667,
        -7.954798010492498,
        -8.381365150380221,
        -1.3795082175424218
      ],
      [
        16.44511469450951,
        3.2474580018605286,
        -1.8164505854750999,
        -1.9194206608553446,
        84.31881291855558,
        4.431174133407111
      ]
    ],
    [
      [
        66.19268716099876,
        13.080757946073584,
        -7.623949486575257,
        -8.01291618429311,
        -7.871983940771718,
        -1.2829485550352904
      ],
      [
        15.391238827677533,
        3.1043529918634802,
        -1.5826341060165714,
        -1.7395846949184004,
        84.53324576059327,
        4.470768196315376
      ]
    ],
    [
      [
        65.92509916467729,
        13.243246868728239,
        -7.627180495588856,
        -8.068971799848068,
        -7.423892068262671,
        -1.1970143259034791
      ],
      [
        14.512459854495896,
        2.987506409640957,
        -1.3832614548094118,
        -1.586906936363647,
        84.70660632350143,
        4.502934092416555
      ]
    ],
    [
      [
