{
  "robot_params": {
    "R": 0.088,
    "l": 0,
    "mw": 0.322,
    "mp": 3.0,
    "M": 8.4,
    "IM": 0.0473,
    "g": 9.81
  },
  "leg_params": {
    "l1": 0.18,
    "l2": 0.24,
    "l3": 0.24,
    "l4": 0.18,
    "l5": 0.1
  },
  "Q": [
    50.0,
    1.0,
    1.0,
    1.0,
    1.0,
    1.0
  ],
  "R": [
    10.0,
    1.0
  ],
  "L0_range": {
    "min": 0.12,
    "max": 0.38,
    "n_points": 30
  },
  "L0_values": [
    0.12,
    0.1289655172413793,
    0.13793103448275862,
    0.14689655172413793,
    0.15586206896551724,
    0.16482758620689655,
    0.17379310344827587,
    0.18275862068965515,
    0.1917241379310345,
    0.20068965517241377,
    0.2096551724137931,
    0.2186206896551724,
    0.2275862068965517,
    0.23655172413793102,
    0.24551724137931033,
    0.25448275862068964,
    0.263448275862069,
    0.27241379310344827,
    0.28137931034482755,
    0.2903448275862069,
    0.2993103448275862,
    0.3082758620689655,
    0.3172413793103448,
    0.32620689655172413,
    0.3351724137931034,
    0.34413793103448276,
    0.35310344827586204,
    0.3620689655172413,
    0.37103448275862067,
    0.38
  ],
  "K_table": [
    [
      [
        5.4875627544421945,
        0.8853145956516943,
        0.3003272322530885,
        0.8311413666460027,
        -0.09901289596411081,
        -0.1182936374556209
      ],
      [
        107.76401280647998,
        15.795499886493879,
        -0.31310626897589067,
        -0.9152840457394494,
        -0.9497180972941619,
        -1.2826082797605576
      ]
    ],
    [
      [
        10.038229467012663,
        1.6069297182739737,
        0.2705041014103417,
        0.7437464180549117,
        -0.16379112039479837,
        -0.1965152859193211
      ],
      [
        113.67323200032037,
        17.2097785985272,
        -0.5179530009584256,
        -1.5169299361953568,
        -0.8554090768738519,
        -1.1796185224418536
      ]
    ],
    [
      [
        14.8018810514108,
        2.4032143021312002,
        0.2277036213926011,
        0.6179915970083818,
        -0.21943349973214002,
        -0.26437278641806816
      ],
      [
        116.07423695671248,
        18.11257000919191,
        -0.6939096540955064,
        -2.0359487642183525,
        -0.7200620750692708,
        -1.0259481288095873
      ]
    ],
    [
      [
        19.393042084512295,
        3.212993105768928,
        0.17624614589653517,
        0.46636762701759116,
        -0.262559128686504,
        -0.3176150357293019
      ],
      [
        115.10990472474253,
        18.478325568555373,
        -0.830284867118605,
        -2.440399784802968,
        -0.5573392498593764,
        -0.8375728551093226
      ]
    ],
    [
      [
        23.513438872195923,
        3.9828395108747716,
        0.12104359705795671,
        0.30321119641041094,
        -0.2921445662874321,
        -0.35479862272816437
      ],
      [
        111.38958576881512,
        18.364178761516182,
        -0.923842235510325,
        -2.720082591234156,
        -0.3827734628828061,
        -0.6330316918505208
      ]
    ],
    [
      [
        26.996847603250174,
        4.677004637633174,
        0.06636996971576486,
        0.14108592287199492,
        -0.309184454848442,
        -0.37693234730925385
      ],
      [
        105.74258512172042,
        17.8773969108682,
        -0.9777270944385708,
        -2.883581482127582,
        -0.20988027253822308,
        -0.4287096194814812
      ]
    ],
    [
      [
        29.800493878002808,
        5.2789414114070325,
        0.015213128721827403,
        -0.011156260476637146,
        -0.3158616163994768,
        -0.38650765690926747
      ],
      [
        98.98500417502169,
        17.13835918329366,
        -0.9988421332447538,
        -2.9506758741966044,
        -0.048108137098282974,
        -0.23626333298380017
      ]
    ],
    [
      [
        31.96717542460329,
        5.787160753039754,
        -0.030780689958299825,
        -0.1485765053168193,
        -0.31472614941515,
        -0.38651469814115985
      ],
      [
        91.7808745110866,
        16.254497669325826,
        -0.9952514713663382,
        -2.944744591348797,
        0.0973370882197408,
        -0.062300193420812805
      ]
    ],
    [
      [
        33.583950380256034,
        6.2093757819684905,
        -0.07102293235362923,
        -0.26934288995425837,
        -0.30814889758019776,
        -0.3797735856374929
      ],
      [
        84.59997251127412,
        15.308730562259498,
        -0.9744523748233834,
        -2.887661098837871,
        0.22459423234153,
        0.09061624842524525
      ]
    ],
    [
      [
        34.75114282323191,
        6.557499422904009,
        -0.10561275902903172,
        -0.37365829469089556,
        -0.2980703694268842,
        -0.3686169843279561
      ],
      [
        77.73595870567125,
        14.358462407984193,
        -0.9425812703967638,
        -2.7974129745994087,
        0.3339768685062329,
        0.22259420994666212
      ]
    ],
    [
      [
        35.564177501020616,
        6.844332800933547,
        -0.13502240197725254,
        -0.4628408158774846,
        -0.2859527075659097,
        -0.3548189967828853
      ],
      [
        71.3480514649657,
        13.439784521850283,
        -0.9042618590003373,
        -2.68761065383393,
        0.426978325395065,
        0.3352245598734945
      ]
    ],
    [
      [
        36.105363429664735,
        7.081775341213256,
        -0.15987967929783103,
        -0.5386840237275788,
        -0.2728341770153046,
        -0.33965135193691487
      ],
      [
        65.50374186471923,
        12.573054005723117,
        -0.8627774229059305,
        -2.5679603022181006,
        0.5055839381584368,
        0.4307470758050364
      ]
    ],
    [
      [
        36.44175781876151,
        7.280073873914137,
        -0.18083797300835894,
        -0.6030718717709023,
        -0.2594178627585357,
        -0.3239844133076739
      ],
      [
        60.21323569453721,
        11.76794146203503,
        -0.8203513120499508,
        -2.4450665193211205,
        0.5718598821545964,
        0.5115444208810311
      ]
    ],
    [
      [
        36.62609913248087,
        7.447666713613623,
        -0.1985085189370022,
        -0.657776227518398,
        -0.24615923283405217,
        -0.3083894749099825
      ],
      [
        55.453956575482486,
        11.027321919685697,
        -0.7784238428353133,
        -2.3232337031312604,
        0.6277390547875199,
        0.5798730303371182
      ]
    ],
    [
      [
        36.698948473190676,
        7.591317191819681,
        -0.21343144545823348,
        -0.7043686295604417,
        -0.23333884822208076,
        -0.29322486147928495
      ],
      [
        51.18662460369509,
        10.350014755258732,
        -0.7378822269820996,
        -2.2051354940879966,
        0.6749294919500286,
        0.6377432256019915
      ]
    ],
    [
      [
        36.69105856092938,
        7.716357701016117,
        -0.2260685254915453,
        -0.7441964776799779,
        -0.2211176650159109,
        -0.27870203996750254
      ],
      [
        47.365173093697685,
        9.732601474139658,
        -0.699235452348404,
        -2.092326119020454,
        0.7148914478290596,
        0.6868841741889086
      ]
    ],
    [
      [
        36.62553127297479,
        7.826951879421293,
        -0.23680685609614047,
        -0.7783919580958946,
        -0.20957698563022342,
        -0.2649337548835689
      ],
      [
        43.94251855287505,
        9.170578348442277,
        -0.662740619743896,
        -1.985611102813727,
        0.7488490308075871,
        0.7287524395308312
      ]
    ],
    [
      [
        36.51961533451801,
        7.9263336155895034,
        -0.2459672193620664,
        -0.8078952464227968,
        -0.198746388644628,
        -0.2519679221188483
      ],
      [
        40.87369006199032,
        8.659057988737253,
        -0.628491264850053,
