{
  "robot_params": {
    "R": 0.088,
    "l": 0.05,
    "mw": 0.322,
    "mp": 3.0,
    "M": 8.4,
    "IM": 0.0473,
    "g": 9.81
  },
  "leg_params": {
    "l1": 0.21,
    "l2": 0.24,
    "l3": 0.24,
    "l4": 0.21,
    "l5": 0.1
  },
  "Q": [
    50.0,
    1.0,
    500.0,
    100.0,
    7000.0,
    1.0
  ],
  "R": [
    100.0,
    1.0
  ],
  "L0_range": {
    "min": 0.15,
    "max": 0.4,
    "n_points": 30
  },
  "L0_values": [
    0.15,
    0.1586206896551724,
    0.16724137931034483,
    0.17586206896551723,
    0.18448275862068964,
    0.19310344827586207,
    0.20172413793103447,
    0.21034482758620687,
    0.2189655172413793,
    0.22758620689655173,
    0.23620689655172414,
    0.24482758620689654,
    0.253448275862069,
    0.26206896551724135,
    0.2706896551724138,
    0.2793103448275862,
    0.2879310344827586,
    0.296551724137931,
    0.30517241379310345,
    0.3137931034482758,
    0.3224137931034483,
    0.3310344827586207,
    0.33965517241379306,
    0.34827586206896555,
    0.3568965517241379,
    0.3655172413793103,
    0.3741379310344828,
    0.38275862068965516,
    0.39137931034482754,
    0.4
  ],
  "K_table": [
    [
      [
        49.56437470231263,
        7.73220808948907,
        -2.0606359550308353,
        -2.8888850332303067,
        -10.764818834939312,
        -1.4442131051513007
      ],
      [
        -88.3623265478327,
        -13.192114906008415,
        8.682047343993291,
        10.486317552438807,
        106.32893484933723,
        6.368442804156442
      ]
    ],
    [
      [
        47.87264193705794,
        7.666140995479164,
        -2.0459584762286434,
        -2.8894563956803667,
        -9.423021467856055,
        -1.2631339847093583
      ],
      [
        -89.33576574178306,
        -13.663607669268172,
        9.022493632848102,
        10.933880650343932,
        104.67874946520612,
        6.139974814348611
      ]
    ],
    [
      [
        46.53724475998716,
        7.638687580088279,
        -2.036649036103973,
        -2.8959958063830875,
        -8.346341874213117,
        -1.1160874089660318
      ],
      [
        -89.20365830595179,
        -13.956878119607701,
        9.23071342711428,
        11.21997665326639,
        103.06282354782208,
        5.914560692429783
      ]
    ],
    [
      [
        45.46928174145748,
        7.640161747019372,
        -2.0313108032148395,
        -2.9068810615509157,
        -7.466306139682409,
        -0.9944667928282325
      ],
      [
        -88.42380516013826,
        -14.135027751571942,
        9.347600872653961,
        11.393698976742398,
        101.56376740818614,
        5.703922419331375
      ]
    ],
    [
      [
        44.6060519638707,
        7.663687538641817,
        -2.0288865326399,
        -2.92088252931419,
        -6.735627370773225,
        -0.8922997014360112
      ],
      [
        -87.26460915041892,
        -14.236612637241471,
        9.40010339129938,
        11.487507248449779,
        100.20814479300658,
        5.512141951123891
      ]
    ],
    [
      [
        43.90236917160346,
        7.704288461362206,
        -2.0285890697839,
        -2.9370851681264014,
        -6.120748447958383,
        -0.805327335469165
      ],
      [
        -85.88818407764134,
        -14.286061325829042,
        9.406521067589109,
        11.523528342760203,
        98.99747597941514,
        5.339800785518854
      ]
    ],
    [
      [
        43.32500611439241,
        7.758295702021713,
        -2.029835190993887,
        -2.9548124353618244,
        -5.597272619750681,
        -0.7304383477131801
      ],
      [
        -84.39469802475911,
        -14.299337854382959,
        9.379600723890313,
        11.5172398921919,
        97.92259664048649,
        5.185927604712088
      ]
    ],
    [
      [
        42.84907487854766,
        7.822958079127259,
        -2.032192710656892,
        -2.9735648547821727,
        -5.147079440230225,
        -0.6653103295210856
      ],
      [
        -82.84704795452257,
        -14.287154941598853,
        9.328412441368132,
        11.479707186319414,
        96.9704068550514,
        5.04893191134461
      ]
    ],
    [
      [
        42.45561980234555,
        7.896180341134581,
        -2.0353406718190676,
        -2.992973526408822,
        -4.756452938737385,
        -0.6081764473213034
      ],
      [
        -81.28509795126865,
        -14.256866982672372,
        9.259526713782783,
        11.418988326328881,
        96.12702621765234,
        4.92705224711029
      ]
    ],
    [
      [
        42.12998378053248,
        7.976344286149676,
        -2.0390400722377993,
        -3.0127658175248646,
        -4.414835171107628,
        -0.5576696195332916
      ],
      [
        -79.73415804791753,
        -14.213622764102121,
        9.177775241348279,
        11.341043732022218,
        95.37921421197107,
        4.818566275486899
      ]
    ],
    [
      [
        41.86067767934736,
        8.06218425450029,
        -2.0431125024736114,
        -3.0327402630198135,
        -4.113976582754049,
        -0.5127160170261804
      ],
      [
        -78.21017308107415,
        -14.161088209621402,
        9.08675575902442,
        11.250340635050307,
        94.71494505118366,
        4.721882408040887
      ]
    ],
    [
      [
        41.638583552373674,
        8.152698965292256,
        -2.0474245635137156,
        -3.052748222354086,
        -3.8473444438003246,
        -0.472460715560039
      ],
      [
        -76.7229742285483,
        -14.101911453565195,
        8.989174916074681,
        11.15026438625544,
        94.12357290447333,
        4.635572459037768
      ]
    ],
    [
      [
        41.456383550901904,
        8.247088078525158,
        -2.05187646332047,
        -3.0726804373941854,
        -3.609702970972281,
        -0.43621478448285367
      ],
      [
        -75.27835872386318,
        -14.038029118058606,
        8.887086020068027,
        11.043404205450368,
        93.59580473513495,
        4.558375464845886
      ]
    ],
    [
      [
        41.30814417804077,
        8.344705864584459,
        -2.056393629594886,
        -3.092457136181307,
        -3.3968100601222235,
        -0.40341696592339327
      ],
      [
        -73.87944374086575,
        -13.970872243366124,
        8.782056935360577,
        10.931755415192812,
        93.1235897225968,
        4.489188102582723
      ]
    ],
    [
      [
        41.18900925971435,
        8.445026899804635,
        -2.0609205051067607,
        -3.112020707614742,
        -3.2051947378062238,
        -0.3736054749196205
      ],
      [
        -72.52756114007681,
        -13.901507358119973,
        8.675290609751825,
        10.816864954449775,
        92.69997960575525,
        4.4270496182232915
      ]
    ],
    [
      [
        41.09497018517648,
        8.547620342154355,
        -2.0654159296187333,
        -3.1313302480252054,
        -3.0319914655482876,
        -0.346396943107757
      ],
      [
        -71.2228563048378,
        -13.830734759930575,
        8.5677128667908,
        10.699937640487047,
        92.31898635840354,
        4.371125263512395
      ]
    ],
    [
      [
        41.022691861828044,
        8.652130414022063,
        -2.069849682120531,
        -3.1503574785220874,
        -2.874815129351321,
        -0.3214704855406746
      ],
      [
        -69.96469309296553,
        -13.759158038567803,
        8.460037195203045,
        10.581914803884372,
        91.97544926556243,
        4.32069019023813
      ]
    ],
    [
      [
        40.96937937883319,
        8.758261433122167,
        -2.074199876791147,
        -3.169083671994096,
        -2.7316655730464268,
        -0.29855549590719566
      ],
      [
        -68.75192988141582,
        -13.68723394178594,
        8.352813125731316,
        10.463533177508747,
        91.66491614441227,
        4.275114674061783
      ]
    ],
    [
      [
        40.9326747870593,
