{
  "robot_params": {
    "R": 0.088,
    "l": -0.05,
    "mw": 0.322,
    "mp": 3.0,
    "M": 8.4,
    "IM": 0.0473,
    "g": 9.81
  },
  "leg_params": {
    "l1": 0.15,
    "l2": 0.24,
    "l3": 0.24,
    "l4": 0.15,
    "l5": 0.1
  },
  "Q": [
    50.0,
    1.0,
    100.0,
    100.0,
    2000.0,
    10.0
  ],
  "R": [
    20.0,
    1.0
  ],
  "L0_range": {
    "min": 0.12,
    "max": 0.36,
    "n_points": 30
  },
  "poly_order": 3,
  "K_poly_coef": [
    [
      [
        7802.3805687341155,
        -8182.96878026275,
        2784.805808697554,
        -248.6069121466365
      ],
      [
        759.1125352975691,
        -965.693017191248,
        391.0625933239417,
        -37.233641319107505
      ],
      [
        800.3242400023261,
        -529.3337777744038,
        88.79941326026825,
        -2.175789833141522
      ],
      [
        1281.17618642723,
        -851.8376516163937,
        143.5307589508663,
        -4.028476854681966
      ],
      [
        -667.1759476867963,
        544.2956163195462,
        -141.1256089881529,
        12.021191398608332
      ],
      [
        -494.7608472688624,
        435.1936295964888,
        -123.05217622234058,
        10.221588225008926
      ]
    ],
    [
      [
        88157.1627614163,
        -66423.36838211732,
        14889.338983526706,
        -768.4321706611204
      ],
      [
        15979.349832905405,
        -12335.140338383806,
        2880.4027988473795,
        -163.31692472437643
      ],
      [
        -4656.510604451317,
        4061.655536306633,
        -1134.2376525340728,
        92.68051647073341
      ],
      [
        -7183.966662427242,
        6287.10193713675,
        -1762.053179193646,
        144.41320906892656
      ],
      [
        -89.06273320959,
        -231.17033792466955,
        177.58358538646468,
        9.919391391192482
      ],
      [
        -1836.7427819561249,
        1232.936983841765,
        -214.9500355265453,
        5.487623695846375
      ]
    ]
  ]
}